"施設名称","所在地","施設名かな","カテゴリ","分類","TEL","FAX","URL","URL2","バリアフリー情報","詳細情報","備考","経度","緯度","分類"
"体育会館前交番","大阪市浪速区難波中3-4-39","たいいくかいかんまえこうばん","警察・消防","交番","","","","","","","","135.4994641","34.6627560000004","交番"
"阿倍野警察署","大阪市阿倍野区阿倍野筋5-13-5","あべのけいさつしょ","警察・消防","警察署","06-6653-1234","06-6658-3913","http://www.police.pref.osaka.jp/04shikumi/ps/121abeno_1.html","","","(防犯・交通安全等","","135.5099973","34.6379611000003","警察署"
"井高野交番","大阪市東淀川区井高野1-28-21","いたかのこうばん","警察・消防","交番","","","https://www.city.osaka.lg.jp/higashiyodogawa/page/0000000328.html","","","","","135.5447473","34.7630059000003","交番"
"東淀川消防署柴島出張所","大阪市東淀川区柴島3-10-21","ひがしよどがわしょうぼうしょ　くにじましゅっちょうしょ","警察・消防","消防施設","06-6323-0119","06-6323-0119","https://www.city.osaka.lg.jp/shobo/page/0000018935.html","","","","","135.51599","34.7306300000003","消防施設"
"東淀川消防署小松出張所","大阪市東淀川区小松3-3-11","ひがしよどがわしょうぼうしょ　こまつしゅっちょうしょ","警察・消防","消防施設","06-6325-0119","06-6325-0119","https://www.city.osaka.lg.jp/shobo/page/0000018935.html","","","","","135.53979","34.7520000000003","消防施設"
"東淀川消防署西淡路出張所","大阪市東淀川区西淡路2-5-5","ひがしよどがわしょうぼうしょ　にしあわじしゅっちょうしょ","警察・消防","消防施設","06-6321-0119","06-6321-0119","https://www.city.osaka.lg.jp/shobo/page/0000018935.html","","","","","135.5058683","34.7353492800003","消防施設"
"東淀川消防署豊里出張所","大阪市東淀川区豊新5-10-3","ひがしよどがわしょうぼうしょ　とよさとしゅっちょうしょ","警察・消防","消防施設","06-6328-0119","06-6328-0119","https://www.city.osaka.lg.jp/shobo/page/0000018935.html","","","","","135.53746","34.7457200000003","消防施設"
"東淀川消防署井高野出張所","大阪市東淀川区北江口1-2-10","ひがしよどがわしょうぼうしょ　いたかのしゅっちょうしょ","警察・消防","消防施設","06-6349-0119","06-6349-0119","https://www.city.osaka.lg.jp/shobo/page/0000018935.html","","","","","135.54315","34.7584200000003","消防施設"
"大淀警察署","大阪市北区中津1-5-25","おおよどけいさつしょ","警察・消防","警察署","06-6376-1234","","https://www.police.pref.osaka.lg.jp/sogo/keisatsusyo/4/6413.html","","","(防犯・交通安全等","","135.495733000001","34.7101609000004","警察署"
"曽根崎警察署","大阪市北区曽根崎2-16-14","そねざきけいさつしょ","警察・消防","警察署","06-6315-1234","","https://www.police.pref.osaka.lg.jp/sogo/keisatsusyo/4/6412.html","","","(防犯・交通安全等","","135.4997532","34.7016498000004","警察署"
"天満警察署","大阪市北区西天満1-12-12","てんまけいさつしょ","警察・消防","警察署","06-6363-1234","","https://www.police.pref.osaka.lg.jp/sogo/keisatsusyo/4/6411.html","","","(防犯・交通安全等","","135.5053755","34.6948163000003","警察署"
"住吉警察署・杉本町駅前交番","大阪市住吉区杉本3丁目2番79号","すみよしけいさつしょ・すぎもとちょうえきまえこうばん","警察・消防","交番","","","http://info.police.pref.osaka.jp/ps/sumiyoshi/1005070/1005088.html","https://www.police.pref.osaka.lg.jp/sogo/keisatsusyo/1/6326.html","","","","135.5029642","34.5941140000004","交番"
"住吉警察署・清水丘交番","大阪市住吉区清水丘2丁目2番18号","すみよしけいさつしょ・しみずがおかこうばん","警察・消防","交番","","","http://info.police.pref.osaka.jp/ps/sumiyoshi/1005070/1005087.html","https://www.police.pref.osaka.lg.jp/sogo/keisatsusyo/1/6326.html","","","","135.493711100001","34.6029940000004","交番"
"住吉警察署・長居交番","大阪市住吉区長居3丁目1番1号","すみよしけいさつしょ・ながいこうばん","警察・消防","交番","","","http://info.police.pref.osaka.jp/ps/sumiyoshi/1005070/1005073.html","https://www.police.pref.osaka.lg.jp/sogo/keisatsusyo/1/6326.html","","","","135.5127718","34.6116451000003","交番"
"住吉警察署","大阪市住吉区東粉浜3丁目28番3号","すみよしけいさつしょ","警察・消防","警察署","06-6675-1234","","http://www.info.police.pref.osaka.jp/ps/sumiyoshi/index.html","https://www.police.pref.osaka.lg.jp/sogo/keisatsusyo/4/6391.html","","","","135.491669000001","34.6150999000004","警察署"
"住吉警察署・南住吉交番","大阪市住吉区南住吉4丁目9番26号","すみよしけいさつしょ・みなみすみよしこうばん","警察・消防","交番","","","http://info.police.pref.osaka.jp/ps/sumiyoshi/1005070/1005084.html","https://www.police.pref.osaka.lg.jp/sogo/keisatsusyo/1/6326.html","","","","135.5020998","34.6023500000004","交番"
"住吉警察署・墨江交番","大阪市住吉区墨江1丁目7番18号","すみよしけいさつしょ・すみえこうばん","警察・消防","交番","","","http://info.police.pref.osaka.jp/ps/sumiyoshi/1005070/1005086.html","https://www.police.pref.osaka.lg.jp/sogo/keisatsusyo/1/6326.html","","","","135.492744300001","34.6094000000004","交番"
"住吉警察署・万代交番","大阪市住吉区万代東3丁目1番65号","すみよしけいさつしょ・ばんだいこうばん","警察・消防","交番","","","http://info.police.pref.osaka.jp/ps/sumiyoshi/1005070/1005085.html","https://www.police.pref.osaka.lg.jp/sogo/keisatsusyo/1/6326.html","","","","135.5044033","34.6173751000003","交番"
"住吉消防署万代出張所","大阪市住吉区万代東4-1-23","すみよししょうぼうしょ　まんだいしゅっちょうしょ","警察・消防","消防施設","06-6693-0119","06-6693-0119","https://www.city.osaka.lg.jp/shobo/page/0000018935.html","","","","","135.5027936","34.6140161900003","消防施設"
"住之江消防署","大阪市住之江区御崎4-11-6","すみのえしょうぼうしょ","警察・消防","消防施設","06-6685-0119","06-6685-8120","https://www.city.osaka.lg.jp/shobo/page/0000018935.html","","","","","135.477080000001","34.6092414800004","消防施設"
"住之江警察署","大阪市住之江区新北島3-1-57","すみのえけいさつしょ","警察・消防","警察署","06-6682-1234","","http://www.police.pref.osaka.jp/sodan/ps/","","","","","135.468974900001","34.6091531000005","警察署"
"中央消防署東雲出張所","大阪市中央区玉造2-13-12","ちゅうおうしょうぼうしょ　しののめしゅっちょうしょ","警察・消防","消防施設","06-6761-0119","06-6761-0119","https://www.city.osaka.lg.jp/shobo/page/0000018935.html","","","","","135.5300296","34.6752850800003","消防施設"
"中央消防署南阪町出張所","大阪市中央区千日前2-1-15","ちゅうおうしょうぼうしょ　みなみさかまちしゅっちょうしょ","警察・消防","消防施設","06-6632-0119","06-6632-0119","https://www.city.osaka.lg.jp/shobo/page/0000018935.html","","","","","135.5052768","34.6666602700004","消防施設"
"東淀川警察署","大阪市東淀川区豊新1-6-18","ひがしよどがわけいさつしょ","警察・消防","警察署","06-6325-1234","06-6370-6419","https://www.city.osaka.lg.jp/higashiyodogawa/page/0000000328.html","","","(防犯・交通安全等","","135.5338921","34.7417441000003","警察署"
"中央消防署","大阪市中央区内本町2-1-6","ちゅうおうしょうぼうしょ","警察・消防","消防施設","06-6947-0119","06-6942-5745","https://www.city.osaka.lg.jp/shobo/page/0000018935.html","","","(防火・救急救命講習等)","","135.51379","34.6836400000003","消防施設"
"中央消防署上町出張所","大阪市中央区中寺1-2-28","ちゅうおうしょうぼうしょ　うえまちしゅっちょうしょ","警察・消防","消防施設","06-6764-0119","06-6764-6940","https://www.city.osaka.lg.jp/shobo/page/0000018935.html","","","","","135.5151564","34.6716396300003","消防施設"
"中央消防署道頓堀出張所","大阪市中央区道頓堀1-10-3","ちゅうおうしょうぼうしょ　どうとんぼりしゅっちょうしょ","警察・消防","消防施設","06-6212-0119","06-6212-0119","https://www.city.osaka.lg.jp/shobo/page/0000018935.html","","","","","135.5007162","34.6688615800004","消防施設"
"安土町交番","大阪市中央区安土町3-1-11","あづちまちこうばん","警察・消防","交番","","","","","","","","135.5027917","34.6845441000003","交番"
"難波交番","大阪市中央区難波5-1-60","なんばこうばん","警察・消防","交番","","","","","","","","135.5008722","34.6637139000004","交番"
"旭警察署","大阪市旭区中宮1-4-1","あさひけいさつしょ","警察・消防","警察署","06-6952-1234","06-6951-0382","http://www.police.pref.osaka.jp/04shikumi/ps/119asahi_1.html","","","(防犯・交通安全等","","135.5387719","34.7225169000003","警察署"
"此花消防署桜島出張所","大阪市此花区桜島3-4-98","このはなしょうぼうしょ　さくらじましゅっちょうしょ","警察・消防","消防施設","06-6462-0119","06-6462-0119","https://www.city.osaka.lg.jp/shobo/page/0000018935.html","","","","","135.427195600001","34.6618864000006","消防施設"
"此花警察署","大阪市此花区春日出北1-3-1","このはなけいさつしょ","警察・消防","警察署","6466-1234","6463-9056","http://www.police.pref.osaka.jp/index.html","","","","","135.450763800001","34.6817171000005","警察署"
"此花消防署","大阪市此花区春日出北1-8-30","このはなしょうぼうしょ","警察・消防","消防施設","06-6461-0119","06-6461-5572","https://www.city.osaka.lg.jp/shobo/page/0000018935.html","","","","","135.452080000001","34.6835026900005","消防施設"
"港消防署","大阪市港区弁天1-4-1","みなとしょうぼうしょ","警察・消防","消防施設","06-6573-0119","06-6573-0325","https://www.city.osaka.lg.jp/shobo/page/0000018935.html","","","","","135.459630000001","34.6681500000005","消防施設"
"東警察署","大阪市中央区本町1-3-18","ひがしけいさつしょ","警察・消防","交番","06-6268-1234","","","","","(防犯・交通安全等","","135.5089577","34.6832440000003","交番"
"南警察署","大阪市中央区東心斎橋1-5-26","みなみけいさつしょ","警察・消防","交番","06-6281-1234","","","","","(防犯・交通安全等","","135.505517","34.6724498000003","交番"
"千日前交番","大阪市中央区千日前2-8-11","せんにちまえこうばん","警察・消防","交番","","","","","","","","135.5039997","34.6655892000004","交番"
"北浜交番","大阪市中央区北浜3-5-29","きたはまこうばん","警察・消防","交番","","","","","","","","135.5026574","34.6920461700004","交番"
"平野町交番","大阪市中央区安土町1-1-3","ひらのまちこうばん","警察・消防","交番","","","","","","","","135.5094939","34.6848654500003","交番"
"北久宝寺町交番","大阪市中央区北久宝寺町3-2-12","きたきゅうほうじまちこうばん","警察・消防","交番","","","","","","","","135.5033388","34.6798529000003","交番"
"南久宝寺町交番","大阪市中央区南久宝寺町1-2-5","みなみきゅうほうじまちこうばん","警察・消防","交番","","","","","","","","135.5105862","34.6790558000003","交番"
"天満橋交番","大阪市中央区天満橋京町1-1","てんまばしこうばん","警察・消防","交番","","","","","","","","135.5160111","34.6901250000003","交番"
"南大江交番","大阪市中央区谷町4-10-1","みなみおおえこうばん","警察・消防","交番","","","","","","","","135.5168169","34.6802810000003","交番"
"上町交番","大阪市中央区上町1-2-30","うえまちこうばん","警察・消防","交番","","","","","","","","135.5262118","34.6778922100003","交番"
"城見交番","大阪市中央区城見1-3-7","しろみこうばん","警察・消防","交番","","","","","","","","135.5312557","34.6918139000003","交番"
"西心斎橋交番","大阪市中央区西心斎橋2-11-29","にししんさいばしこうばん","警察・消防","交番","","","","","","","","135.4980473","34.6719670000004","交番"
"道頓堀交番","大阪市中央区宗右衛門町4-2","どうとんぼりこうばん","警察・消防","交番","","","","","","","","135.5032923","34.6693280000003","交番"
"長堀交番","大阪市中央区島之内1-7-14","ながほりこうばん","警察・消防","交番","","","","","","","","135.5093438","34.6748690000003","交番"
"戎橋交番","大阪市中央区道頓堀１-10-2","えびすばしこうばん","警察・消防","交番","","","","","","","","135.501044","34.6688999000004","交番"
"高津交番","大阪市中央区高津3-2-37","こうづこうばん","警察・消防","交番","","","","","","","","135.5103221","34.6665308000003","交番"
"東平交番","大阪市中央区上本町西5-1-21","とうへいこうばん","警察・消防","交番","","","","","","","","135.5184938","34.6682420000003","交番"
"大阪府警察本部","大阪市中央区大手前3-1-11","おおさかふけいほんぶ","警察・消防","警察署","06-6943-1234","","http://www.police.pref.osaka.jp/","","","","","135.5209469","34.6840721000003","警察署"
"阿倍野消防署","大阪市阿倍野区松崎町4-4-30","あべのしょうぼうしょ","警察・消防","消防施設","06-6628-0119","06-6628-0925","https://www.city.osaka.lg.jp/shobo/page/0000018935.html","","","","","135.5163447","34.6397175800003","消防施設"
"此花消防署西九条出張所","大阪市此花区西九条5-4-20","このはなしょうぼうしょ　にしくじょうしゅっちょうしょ","警察・消防","消防施設","06-6463-0119","06-6463-0119","https://www.city.osaka.lg.jp/shobo/page/0000018935.html","","","","","135.464491500001","34.6832970900005","消防施設"
"大隅交番","大阪市東淀川区大隅2-5-11","おおすみこうばん","警察・消防","交番","","","https://www.city.osaka.lg.jp/higashiyodogawa/page/0000000328.html","","","","","135.5469471","34.7504611000003","交番"
"豊里交番","大阪市東淀川区豊里5-16-55","とよさとこうばん","警察・消防","交番","","","https://www.city.osaka.lg.jp/higashiyodogawa/page/0000000328.html","","","","","135.5458576","34.7389080000002","交番"
"上新庄交番","大阪市東淀川区上新庄2-4-15","かみしんじょうこうばん","警察・消防","交番","","","https://www.city.osaka.lg.jp/higashiyodogawa/page/0000000328.html","","","","","135.528236","34.7485830000003","交番"
"菅原交番","大阪市東淀川区菅原2-7-6","すがはらこうばん","警察・消防","交番","","","https://www.city.osaka.lg.jp/higashiyodogawa/page/0000000328.html","","","","","135.5270078","34.7382809000003","交番"
"住吉消防署","大阪市住吉区遠里小野1-1-9","すみよししょうぼうしょ","警察・消防","消防施設","06-6695-0119","06-6684-0119","https://www.city.osaka.lg.jp/shobo/page/0000018935.html","","","","","135.4991427","34.6009332500004","消防施設"
"住吉警察署・我孫子交番","大阪市住吉区我孫子東3丁目1番11号","すみよしけいさつしょ・あびここうばん","警察・消防","交番","","","http://info.police.pref.osaka.jp/ps/sumiyoshi/1005070/1005083.html","https://www.police.pref.osaka.lg.jp/sogo/keisatsusyo/1/6326.html","","","","135.5123689","34.5969329000003","交番"
"住吉消防署苅田出張所","大阪市住吉区苅田9-1-19","すみよししょうぼうしょ　かりたしゅっちょうしょ","警察・消防","消防施設","06-6698-0119","06-6698-0119","https://www.city.osaka.lg.jp/shobo/page/0000018935.html","","","","","135.5164862","34.5979397100003","消防施設"
"三明町交番","大阪市阿倍野区三明町1－2－31","さんめいちょうこうばん","警察・消防","交番","","","","","","","","135.5194418","34.6434609000003","交番"
"金塚交番","大阪市阿倍野区旭町2－2－41","かなづかこうばん","警察・消防","交番","","","","","","","","135.5097777","34.6447081000003","交番"
"聖天山公園交番","大阪市阿倍野区松虫通3－2－60","しょうてんやまこうえんこうばん","警察・消防","交番","","","","","","","","135.5043582","34.6356832000004","交番"
"高松交番","大阪市阿倍野区天王寺町北3－17－40","たかまつこうばん","警察・消防","交番","","","","","","","","135.5241081","34.6437392000003","交番"
"阪南町交番","大阪市阿倍野区阪南町2－23－12","はんなんちょうこうばん","警察・消防","交番","","","","","","","","135.5155388","34.6309859000003","交番"
"晴明丘交番","大阪市阿倍野区北畠1－18－37","せいめいがおかこうばん","警察・消防","交番","","","","","","","","135.5051356","34.6266832000004","交番"
"西田辺交番","大阪市阿倍野区昭和町5－12－15","にしたなべこうばん","警察・消防","交番","","","","","","","","135.5161108","34.6216110000003","交番"
"阿部野橋交番","大阪市阿倍野区阿倍野筋1-1-43","あべのばしこうばん","警察・消防","交番","","","","","","","","135.5135169","34.6456171000003","交番"
"阿倍野消防署晴明通出張所","大阪市阿倍野区晴明通9-16","あべのしょうぼうしょ　せいめいどおりしゅっちょうしょ","警察・消防","消防施設","06-6656-0119","06-6656-0119","https://www.city.osaka.lg.jp/shobo/page/0000018935.html","","","","","135.50486","34.6328931500003","消防施設"
"阿倍野消防署阪南出張所","大阪市阿倍野区播磨町1-23-17","あべのしょうぼうしょ　はんなんしゅっちょうしょ","警察・消防","消防施設","06-6606-0119","06-6606-0119","https://www.city.osaka.lg.jp/shobo/page/0000018935.html","","","","","135.51071","34.6218100000003","消防施設"
"北消防署","大阪市北区茶屋町19-41","きたしょうぼうしょ","警察・消防","消防施設","06-6372-0119","06-6372-4885","https://www.city.osaka.lg.jp/shobo/page/0000018935.html","","","","","135.4993717","34.7089492100004","消防施設"
"淡路駅前交番","大阪市東淀川区東淡路4-19-1","あわじえきまえこうばん","警察・消防","交番","","","https://www.city.osaka.lg.jp/higashiyodogawa/page/0000000328.html","","","","","135.5177669","34.7385330000003","交番"
"淡路交番","大阪市東淀川区淡路3-16-18","あわじこうばん","警察・消防","交番","","","https://www.city.osaka.lg.jp/higashiyodogawa/page/0000000328.html","","","","","135.512794","34.7388999000003","交番"
"新大阪駅東交番","大阪市東淀川区東中島1-17-24","しんおおさかえきひがしこうばん","警察・消防","交番","","","https://www.city.osaka.lg.jp/higashiyodogawa/page/0000000328.html","","","","","135.5032997","34.7322389000003","交番"
"崇禅寺駅前交番","大阪市東淀川区東中島3-17-2","そうぜんじえきまえこうばん","警察・消防","交番","","","https://www.city.osaka.lg.jp/higashiyodogawa/page/0000000328.html","","","","","135.5099421","34.7313031000003","交番"
"旭消防署","大阪市旭区大宮1-1-11","あさひしょうぼうしょ","警察・消防","消防施設","06-6952-0119","06-6952-0125","https://www.city.osaka.lg.jp/shobo/page/0000018935.html","","","","","135.5436527","34.7213649400003","消防施設"
"水上消防署","大阪市港区築港3-1-47","すいじょうしょうぼうしょ","警察・消防","消防施設","06-6574-0119","06-6574-0140","https://www.city.osaka.lg.jp/shobo/page/0000018935.html","","","","","135.433316500001","34.6573516800006","消防施設"
"平野警察署","大阪市平野区喜連西6-2-51","ひらのけいさつしょ","警察・消防","警察署","06-6769-1234","","https://www.police.pref.osaka.lg.jp/sogo/keisatsusyo/4/6389.html","","","","","135.5480715","34.6097073000003","警察署"
"平野消防署","大阪市平野区平野南1-2-9","ひらのしょうぼうしょ","警察・消防","消防施設","06-6790-0119","06-6790-8101","https://www.city.osaka.lg.jp/shobo/page/0000018935.html","","","","","135.5586869","34.6205004800002","消防施設"
"淀川消防署加島出張所","大阪市淀川区加島1-57-34","よどがわしょうぼうしょ　かしましゅっちょうしょ","警察・消防","消防施設","06-6394-0119","06-6394-0119","https://www.city.osaka.lg.jp/shobo/page/0000018935.html","","","","","135.461810000001","34.7287266600005","消防施設"
"淀川警察署","大阪市淀川区十三本町3-7-27","よどがわけいさつしょ","警察・消防","警察署","06-6305-1234","","http://www.police.pref.osaka.jp/04shikumi/ps/115yodogawa_1.html","","","","","135.481436300001","34.7232280000004","警察署"
"淀川消防署東三国出張所","大阪市淀川区東三国2-17-4","よどがわしょうぼうしょ　ひがしみくにしゅっちょうしょ","警察・消防","消防施設","06-6394-0119","06-6394-0119","https://www.city.osaka.lg.jp/shobo/page/0000018935.html","","","","","135.50111","34.7420600000004","消防施設"
"淀川消防署","大阪市淀川区木川東4-10-12","よどがわしょうぼうしょ","警察・消防","消防施設","06-6308-0119","06-6308-4071","https://www.city.osaka.lg.jp/shobo/page/0000018935.html","","","","","135.491295600001","34.7277789100004","消防施設"
"淀川消防署十三橋出張所","大阪市淀川区野中南2-1-1","よどがわしょうぼうしょ　じゅうそうばししゅっちょうしょ","警察・消防","消防施設","06-6303-0119","06-6303-0119","https://www.city.osaka.lg.jp/shobo/page/0000018935.html","","","","","135.483213300001","34.7257335000004","消防施設"
"浪速消防署","大阪市浪速区元町1-14-20","なにわしょうぼうしょ","警察・消防","消防施設","06-6641-0119","06-6634-0119","https://www.city.osaka.lg.jp/shobo/page/0000018935.html","","","","","135.495540000001","34.6632300000004","消防施設"
"浪速警察署","大阪市浪速区日本橋5-5-11","なにわけいさつしょ","警察・消防","警察署","06-6633-1234","06-6645-5862","http://www.police.pref.osaka.jp/04shikumi/ps/112naniwa_1.html","","","","","135.5059138","34.6547469000003","警察署"
"桜川交番","大阪市浪速区桜川3-1-1","さくらがわこうばん","警察・消防","交番","","","","","","","","135.487968800001","34.6681999000004","交番"
"日本橋東交番","大阪市浪速区日本橋東3-2-16","にほんばしひがしこうばん","警察・消防","交番","","","","","","","","135.5073138","34.6582831000003","交番"
"大国交番","大阪市浪速区大国3-1-1","だいこくこうばん","警察・消防","交番","","","","","","","","135.494235900001","34.6566220000004","交番"
"浪速町交番","大阪市浪速区浪速東3-12-15","なにわちょうこうばん","警察・消防","交番","","","","","","","","135.488544200001","34.6555280000004","交番"
"恵美須交番","大阪市浪速区恵美須西3-3-37","えびすこうばん","警察・消防","交番","","","","","","","","135.5031919","34.6511921000004","交番"
"新世界交番","大阪市浪速区恵美須東3-4-20","しんせかいこうばん","警察・消防","交番","","","","","","","","135.5057063","34.6493169000003","交番"
"ＪＲなんば駅前交番","大阪市浪速区湊町1-4-1ＯＣＡＴビル内","じぇいあーるなんばえきまえこうばん","警察・消防","交番","","","","","","","","135.495064000001","34.6667861000004","交番"
"旭消防署新森出張所","大阪市旭区新森2-18-15","あさひしょうぼうしょ　しんもりしゅっちょうしょ","警察・消防","消防施設","06-6956-0119","06-6956-0119","https://www.city.osaka.lg.jp/shobo/page/0000018935.html","","","","","135.55574","34.7177500000002","消防施設"
"旭消防署赤川出張所","大阪市旭区赤川2-16-5","あさひしょうぼうしょ　あかがわしゅっちょうしょ","警察・消防","消防施設","06-6927-0119","06-6927-0119","https://www.city.osaka.lg.jp/shobo/page/0000018935.html","","","","","135.5339384","34.7264459800003","消防施設"
"太子橋交番","大阪市旭区太子橋1-2-27","たいしばしこうばん","警察・消防","交番","","","","","","","","135.5524313","34.7298941000002","交番"
"赤川交番","大阪市旭区赤川2-16-6","あかがわこうばん","警察・消防","交番","","","","","","","","135.53395","34.7266641000003","交番"
"千林交番","大阪市旭区千林2-9-29","せんばやしこうばん","警察・消防","交番","","","","","","","","135.5511081","34.7246278000002","交番"
"大宮交番","大阪市旭区大宮1-20-7","おおみやこうばん","警察・消防","交番","","","","","","","","135.5475218","34.7209561000003","交番"
"新森交番","大阪市旭区新森2-17-10","しんもりこうばん","警察・消防","交番","","","","","","","","135.5552219","34.7185250000002","交番"
"高殿交番","大阪市旭区高殿6－14－7","たかどのこうばん","警察・消防","交番","","","","","","","","135.545797","34.7177441000002","交番"
"上本町交番","大阪市天王寺区石ヶ辻町17-3","うえほんまちこうばん","警察・消防","交番","","","","","","","","135.5206437","34.6649360000003","交番"
"生玉交番","大阪市天王寺区生玉町6-31","いくたまこうばん","警察・消防","交番","","","","","","","","135.5135971","34.6647439000003","交番"
"玉造交番","大阪市天王寺区玉造本町5-2","たまつくりこうばん","警察・消防","交番","","","","","","","","135.5310058","34.6733718000003","交番"
"天王寺駅前交番","大阪市天王寺区茶臼山町5-50","てんのうじえきまえこうばん","警察・消防","交番","","","","","","","","135.5129139","34.6485358000003","交番"
"舟橋町交番","大阪市天王寺区舟橋町15-34","ふなはしちょうこうばん","警察・消防","交番","","","","","","","","135.5293531","34.6671692000003","交番"
"四天王寺東交番","大阪市天王寺区勝山2-5-15","してんのうじひがしこうばん","警察・消防","交番","","","","","","","","135.5202112","34.6536721000003","交番"
"勝山交番","大阪市天王寺区烏ヶ辻2-9-21","かつやまこうばん","警察・消防","交番","","","","","","","","135.5247501","34.6550972000003","交番"
"都島警察署","大阪市都島区都島北通1-7-1","みやこじまけいさつしょ","警察・消防","警察署","06-6925-1234","","http://www.police.pref.osaka.jp/04shikumi/ps/103miyakojima_1.html","","","","","135.5295108","34.7095111000003","警察署"
"都島消防署","大阪市都島区都島本通2-1-8","みやこじましょうぼうしょ","警察・消防","消防施設","06-6923-0119","06-6923-6444","https://www.city.osaka.lg.jp/shobo/page/0000018935.html","","","","","135.5260122","34.7059200800003","消防施設"
"東住吉警察署","大阪市東住吉区東田辺2-11-39","ひがしすみよしけいさつしょ","警察・消防","警察署","06-6697-1234","","http://www.info.police.pref.osaka.jp/ps/higashisumiyoshi/index.html","","","","","135.5267","34.6207000000003","警察署"
"東住吉消防署","大阪市東住吉区南田辺3-4-5","ひがしすみよししょうぼうしょ","警察・消防","消防施設","06-6691-0119","06-6691-1444","https://www.city.osaka.lg.jp/shobo/page/0000018935.html","","","","","135.52525","34.6209200000003","消防施設"
"北田辺交番","大阪市東住吉区北田辺4-10-26","きたたなべこうばん","警察・消防","交番","","","","","","","","135.5264","34.6336000000003","交番"
"駒川中野駅前交番","大阪市東住吉区駒川3-27-20","こまがわなかのえきまえこうばん","警察・消防","交番","","","","","","","","135.5315","34.6219000000003","交番"
"杭全交番","大阪市東住吉区杭全6-6-5","くまたこうばん","警察・消防","交番","","","","","","","","135.5391","34.6363000000003","交番"
"東部市場前交番","大阪市東住吉区今林1-2-68","とうぶしじょうまえこうばん","警察・消防","交番","","","","","","","","135.5389","34.6415000000003","交番"
"鷹合交番","大阪市東住吉区鷹合2-5-8","たかあいこうばん","警察・消防","交番","","","","","","","","135.5319","34.6151000000003","交番"
"湯里交番","大阪市東住吉区湯里2-4-8","ゆざとこうばん","警察・消防","交番","","","","","","","","135.5366","34.6155000000003","交番"
"矢田駅前交番","大阪市東住吉区矢田4-16-11","やたえきまえこうばん","警察・消防","交番","","","","","","","","135.5326","34.6055000000003","交番"
"住道矢田交番","大阪市東住吉区住道矢田2-8-5","すんじやたこうばん","警察・消防","交番","","","","","","","","135.538","34.6038000000003","交番"
"中野警ら連絡所","大阪市東住吉区中野1-8-14","なかのけいられんらくしょ","警察・消防","交番","","","","","","","","135.5357","34.6230000000003","交番"
"白鷺警ら連絡所","大阪市東住吉区今川3-7-30","しらさぎけいられんらくしょ","警察・消防","交番","","","","","","","","135.5422","34.6304000000003","交番"
"東住吉消防署北田辺出張所","大阪市東住吉区北田辺4-14-3","ひがしすみよししょうぼうしょ　きたたなべしゅっちょうしょ","警察・消防","消防施設","06-6７19-0119","06-6719-0119","https://www.city.osaka.lg.jp/shobo/page/0000018935.html","","","","","135.52669","34.6328500000003","消防施設"
"東住吉消防署杭全出張所","大阪市東住吉区杭全8-1-16","ひがしすみよししょうぼうしょ　くまたしゅっちょうしょ","警察・消防","消防施設","06-6714-0119","06-6714-0119","https://www.city.osaka.lg.jp/shobo/page/0000018935.html","","","","","135.54231","34.6344600000003","消防施設"
"東住吉消防署矢田出張所","大阪市東住吉区矢田6-7-28","ひがしすみよししょうぼうしょ　やたしゅっちょうしょ","警察・消防","消防施設","06-6699-0119","06-6699-0119","https://www.city.osaka.lg.jp/shobo/page/0000018935.html","","","","","135.5323174","34.6034276200003","消防施設"
"東成消防署","大阪市東成区大今里西1-27-13","ひがしなりしょうぼうしょ","警察・消防","消防施設","06-6971-0119","06-6971-9412","https://www.city.osaka.lg.jp/shobo/page/0000018935.html","","","(防火・救急救命講習等)","","135.54263","34.6706400000003","消防施設"
"東成警察署","大阪市東成区大今里西1丁目25番15号","ひがしなりけいさつしょ","警察・消防","警察署","06-6974-1234","06-6974-1231","https://www.police.pref.osaka.lg.jp/sogo/keisatsusyo/4/6398.html","","","(防犯・交通安全等","","135.5422531","34.6711662000003","警察署"
"福島消防署","大阪市福島区吉野3-17-22","ふくしましょうぼうしょ","警察・消防","消防施設","06-6465-0119","06-6465-6311","https://www.city.osaka.lg.jp/shobo/page/0000018935.html","","","","","135.472807400001","34.6915813700005","消防施設"
"福島警察署","大阪市福島区吉野3-17-19","ふくしまけいさつしょ","警察・消防","警察署","06-6465-1234","","http://www.info.police.pref.osaka.jp/ps/fukushima/index.html","","","","","135.472528600001","34.6914162000004","警察署"
"歌島交番","大阪市西淀川区歌島1丁目2番12号","うたじまこうばん","警察・消防","交番","","","","","","","","135.465606200001","34.7136360000005","交番"
"西淀川警察署","大阪市西淀川区千舟2丁目6番24号","にしよどがわけいさつしょ","警察・消防","警察署","06-6474-1234","","http://www.police.pref.osaka.jp/04shikumi/ps/114nishiyodogawa_1.html","","","","","135.453352900001","34.7116249000005","警察署"
"大和田交番","大阪市西淀川区大和田4丁目3番44号","おおわだこうばん","警察・消防","交番","","","","","","","","135.445741700001","34.7063752000005","交番"
"竹島交番","大阪市西淀川区竹島4丁目1番31号","たけしまこうばん","警察・消防","交番","","","","","","","","135.452716900001","34.7232361000005","交番"
"中島交番","大阪市西淀川区中島1丁目10番13号","なかじまこうばん","警察・消防","交番","","","","","","","","135.430549600001","34.7037361000006","交番"
"佃交番","大阪市西淀川区佃2丁目10番3号","つくだこうばん","警察・消防","交番","","","","","","","","135.445053200001","34.7128921000006","交番"
"姫島駅前交番","大阪市西淀川区姫里4丁目1番25号","ひめじまえきまえこうばん","警察・消防","交番","","","","","","","","135.457342100001","34.7048638000005","交番"
"福大野交番","大阪市西淀川区福町2丁目4番47号","ふくおおのこうばん","警察・消防","交番","","","","","","","","135.441411000001","34.6992078000006","交番"
"野里交番","大阪市西淀川区野里2丁目3番1号","のざとこうばん","警察・消防","交番","","","","","","","","135.460689300001","34.7078750000005","交番"
"西淀川消防署","大阪市西淀川区御幣島1-10-20","にしよどがわしょうぼうしょ","警察・消防","消防施設","06-6472-0119","06-6472-0533","https://www.city.osaka.lg.jp/shobo/page/0000018935.html","","","","","135.456770000001","34.7139900000005","消防施設"
"西淀川消防署大和田出張所","大阪市西淀川区大和田2-4-43","にしよどがわしょうぼうしょ　おおわだしゅっちょうしょ","警察・消防","消防施設","06-6473-0119","06-6473-0119","https://www.city.osaka.lg.jp/shobo/page/0000018935.html","","","","","135.442360000001","34.7042500000006","消防施設"
"西淀川消防署竹島出張所","大阪市西淀川区竹島2-4-4","にしよどがわしょうぼうしょ　たけしましゅっちょうしょ","警察・消防","消防施設","06-6475-0119","06-6475-0119","https://www.city.osaka.lg.jp/shobo/page/0000018935.html","","","","","135.453110000001","34.7246900000005","消防施設"
"西淀川消防署佃出張所","大阪市西淀川区佃4-5-2","にしよどがわしょうぼうしょ　つくだしゅっちょうしょ","警察・消防","消防施設","06-6471-0119","06-6471-0119","https://www.city.osaka.lg.jp/shobo/page/0000018935.html","","","","","135.438860000001","34.7114400000006","消防施設"
"大正警察署","大阪市大正区小林東3-4-21","たいしょうけいさつしょ","警察・消防","警察署","06-6555-1234","","http://www.police.pref.osaka.jp/04shikumi/ps/109taisho_1.html","","","","","135.471349800001","34.6472640000004","警察署"
"大正消防署","大阪市大正区小林東3-5-16","たいしょうしょうぼうしょ","警察・消防","消防施設","06-6552-0119","06-6552-4099","https://www.city.osaka.lg.jp/shobo/page/0000018935.html","","","","","135.471210000001","34.6462400000004","消防施設"
"鶴見消防署","大阪市鶴見区横堤5-5-45","つるみしょうぼうしょ","警察・消防","消防施設","06-6912-0119","06-6912-6043","https://www.city.osaka.lg.jp/shobo/page/0000018935.html","","","","","135.57431","34.7050496500002","消防施設"
"鶴見警察署","大阪市鶴見区諸口6-1-1","つるみけいさつしょ","警察・消防","警察署","06-6913-1234","","http://www.police.pref.osaka.jp/04shikumi/ps/127tsurumi_1.html","","","防犯・交通","","135.5748","34.7040312000002","警察署"
"放出大橋交番","大阪市鶴見区放出東1-18-2","はなてんおおはしこうばん","警察・消防","交番","","","","","","","","135.5643066","34.6958448000002","交番"
"今津交番","大阪市鶴見区今津中3-5-34","いまづこうばん","警察・消防","交番","","","","","","","","135.5732059","34.6921001000002","交番"
"放出駅前交番","大阪市鶴見区放出東3-21-52","はなてんえきまえこうばん","警察・消防","交番","","","","","","","","135.5636409","34.6882902000002","交番"
"緑交番","大阪市鶴見区緑2-１-33","みどりこうばん","警察・消防","交番","","","","","","","","135.562567","34.7090189000002","交番"
"茨田交番","大阪市鶴見区浜2-1-41","まったこうばん","警察・消防","交番","","","","","","","","135.5824476","34.7049661000002","交番"
"茨田南交番","大阪市鶴見区徳庵1-1-8","まったみなみこうばん","警察・消防","交番","","","","","","","","135.5785716","34.6978895000002","交番"
"茨田北交番","大阪市鶴見区浜4-7-29","まったきたこうばん","警察・消防","交番","","","","","","","","135.586203","34.7110390000002","交番"
"鶴見消防署今津出張所","大阪市鶴見区今津南1-8-12","つるみしょうぼうしょ　いまずしゅっちょうしょ","警察・消防","消防施設","06-6962-0119","06-6962-0119","https://www.city.osaka.lg.jp/shobo/page/0000018935.html","","","","","135.56758","34.6882800000002","消防施設"
"鶴見消防署茨田出張所","大阪市鶴見区諸口5浜12-11","つるみしょうぼうしょ　まったしゅっちょうしょ","警察・消防","消防施設","06-6913-0119","06-6913-0119","https://www.city.osaka.lg.jp/shobo/page/0000018935.html","","","","","135.585628","34.7048597100002","消防施設"
"天王寺消防署","大阪市天王寺区上本町8-5-10","てんのうじしょうぼうしょ","警察・消防","消防施設","06-6771-0119","06-6771-3293","https://www.city.osaka.lg.jp/shobo/page/0000018935.html","","","","","135.51859","34.6598400000003","消防施設"
"天王寺警察署","大阪市天王寺区六万体町5-8","てんのうじけいさつしょ","警察・消防","警察署","06-6773-1234","","https://www.police.pref.osaka.lg.jp/sogo/keisatsusyo/4/6403.html","","","","","135.5150968","34.6575530000003","警察署"
"関目交番","大阪市城東区関目5-1-4","せきめこうばん","警察・消防","交番","","","http://www.police.pref.osaka.jp/04shikumi/koban/kobanmap/c_joto_1.html","","","","","135.5466385","34.7124734000002","交番"
"関目南交番","大阪市城東区関目2-4-32","せきめみなみこうばん","警察・消防","交番","","","http://www.police.pref.osaka.jp/04shikumi/koban/kobanmap/c_joto_1.html","","","","","135.550057","34.7069748000002","交番"
"野江交番","大阪市城東区野江1-7-16","のえこうばん","警察・消防","交番","","","http://www.police.pref.osaka.jp/04shikumi/koban/kobanmap/c_joto_1.html","","","","","135.5389363","34.7025442000003","交番"
"今福交番","大阪市城東区今福南2-23-1","いまふくこうばん","警察・消防","交番","","","http://www.police.pref.osaka.jp/04shikumi/koban/kobanmap/c_joto_1.html","","","","","135.5494352","34.6981665000002","交番"
"鴫野西交番","大阪市城東区鴫野西2-11-1","しぎのにしこうばん","警察・消防","交番","","","http://www.police.pref.osaka.jp/04shikumi/koban/kobanmap/c_joto_1.html","","","","","135.5380827","34.6929188000003","交番"
"鴫野東交番","大阪市城東区鴫野東3-13-7","しぎのひがしこうばん","警察・消防","交番","","","http://www.police.pref.osaka.jp/04shikumi/koban/kobanmap/c_joto_1.html","","","","","135.5475467","34.6907938000003","交番"
"中浜交番","大阪市城東区中浜2-12-41","なかはまこうばん","警察・消防","交番","","","http://www.police.pref.osaka.jp/04shikumi/koban/kobanmap/c_joto_1.html","","","","","135.5430387","34.6858940000003","交番"
"諏訪交番","大阪市城東区永田3-3-33","すわこうばん","警察・消防","交番","","","http://www.police.pref.osaka.jp/04shikumi/koban/kobanmap/c_joto_1.html","","","","","135.5572283","34.6817078000002","交番"
"大阪府警察本部／関目別館","大阪市城東区関目6-15-4","おおさかふけいさつほんぶ／せきめべっかん","警察・消防","交番","06-6933-8600","","","","","","","135.5532391","34.7140809000002","交番"
"城東消防署放出出張所","大阪市城東区放出西1-1-17","じょうとうしょうぼうしょ　はなてんしゅっちょうしょ","警察・消防","消防施設","06-6967-0119","06-6932-0119","https://www.city.osaka.lg.jp/shobo/page/0000018935.html","","","","","135.55287","34.6953500000002","消防施設"
"城東消防署中浜出張所","大阪市城東区東中浜2-1-19","じょうとうしょうぼうしょ　なかはましゅっちょうしょ","警察・消防","消防施設","06-6968-0119","06-6968-0119","https://www.city.osaka.lg.jp/shobo/page/0000018935.html","","","","","135.54564","34.6859600000002","消防施設"
"城東消防署関目出張所","大阪市城東区成育4-7-18","じょうとうしょうぼうしょ　せきめしゅっちょうしょ","警察・消防","消防施設","06-6932-0119","06-6932-0119","https://www.city.osaka.lg.jp/shobo/page/0000018935.html","","","","","135.54227","34.7124300000002","消防施設"
"生野消防署","大阪市生野区舎利寺1-13-8","いくのしょうぼうしょ","警察・消防","消防施設","06-6731-0119","06-6731-7044","https://www.city.osaka.lg.jp/shobo/page/0000018935.html","","","","","135.5399873","34.6504325400003","消防施設"
"生野警察署","大阪市生野区勝山北3丁目14番12号","いくのけいさつしょ","警察・消防","警察署","06-6712-1234","","http://www.info.police.pref.osaka.jp/ps/ikuno/index.html","","","","","135.5344142","34.6545282000003","警察署"
"消防局庁舎","大阪市西区九条南1-12-54","しょうぼうきょくちょうしゃ","警察・消防","消防施設","06-6582-2854","06-6582-2864","https://www.city.osaka.lg.jp/shobo/page/0000018935.html","","","","","135.473757800001","34.6701427000004","消防施設"
"西警察署","大阪市西区川口2-6-3","にしけいさつしょ","警察・消防","警察署","06-6583-1234","","http://www.police.pref.osaka.jp/04shikumi/ps/107nishi_1.html","","","(防犯・交通安全等","","135.481244300001","34.6820170000004","警察署"
"靱交番","大阪市西区靱本町2-1-14","うつぼこうばん","警察・消防","交番","","","","","","","","135.492564400001","34.6844299000004","交番"
"西本町交番","大阪市西区西本町1-1-14","にしほんまちこうばん","警察・消防","交番","","","","","","","","135.4979563","34.6821935000004","交番"
"立売堀交番","大阪市西区立売堀6-7-1","いたちぼりこうばん","警察・消防","交番","","","","","","","","135.484550300001","34.6804609000004","交番"
"新町交番","大阪市西区新町4-5-10","しんまちこうばん","警察・消防","交番","","","","","","","","135.486357900001","34.6760939000004","交番"
"九条交番","大阪市西区九条2-5-1","くじょうこうばん","警察・消防","交番","","","","","","","","135.473771900001","34.6755221000004","交番"
"松島交番","大阪市西区九条1-1-3","まつしまこうばん","警察・消防","交番","","","","","","","","135.478308100001","34.6758501000004","交番"
"堀江交番","大阪市西区南堀江1-13-30","ほりえこうばん","警察・消防","交番","","","","","","","","135.495109800001","34.6724347000004","交番"
"西成消防署","大阪市西成区岸里1-4-26","にしなりしょうぼうしょ","警察・消防","消防施設","06-6653-0119","06-6653-2119","https://www.city.osaka.lg.jp/shobo/page/0000018935.html","","","","","135.494550000001","34.6357700000004","消防施設"
"西成警察署","大阪市西成区萩之茶屋2丁目4番2号","にしなりけいさつしょ","警察・消防","警察署","06-6648-1234","","http://www.police.pref.osaka.jp/04shikumi/ps/125nishinari_1.html","","","","","135.5011081","34.6459892000004","警察署"
"天下茶屋交番","大阪市西成区岸里1丁目1番5号","てんがちゃやこうばん","警察・消防","交番","","","","","","","","135.496800200001","34.6370831000004","交番"
"天下茶屋北交番","大阪市西成区天下茶屋1丁目17番6号","てんがちゃやきたこうばん","警察・消防","交番","","","","","","","","135.5003609","34.6421861000004","交番"
"岸里南交番","大阪市西成区岸里3丁目4番16号","きしのさとみなみこうばん","警察・消防","交番","","","","","","","","135.4928187","34.6307949700004","交番"
"玉出交番","大阪市西成区玉出中1丁目16番3号","たまでこうばん","警察・消防","交番","","","","","","","","135.493878200001","34.6266780000004","交番"
"鶴見橋交番","大阪市西成区鶴見橋3丁目9番18号","つるみばしこうばん","警察・消防","交番","","","","","","","","135.486322200001","34.6460501000004","交番"
"南開交番","大阪市西成区南開1丁目7番15号","みなみひらきこうばん","警察・消防","交番","","","","","","","","135.490471800001","34.6508441000004","交番"
"千本交番","大阪市西成区千本南2丁目14番32号","せんぼんこうばん","警察・消防","交番","","","","","","","","135.486483300001","34.6304220000004","交番"
"中津守交番","大阪市西成区津守3丁目1-67","なかつもりこうばん","警察・消防","交番","","","","","","","","135.484142000001","34.6408639000004","交番"
"太子交番","大阪市西成区太子1丁目4番2号","たいしこうばん","警察・消防","交番","","","","","","","","135.5031359","34.6485787400004","交番"
"北門交番","大阪市西成区山王1丁目11番2号","きたかどこうばん","警察・消防","交番","","","","","","","","135.5066078","34.6475311000003","交番"
"飛田交番","大阪市西成区山王3丁目19番12号","とびたこうばん","警察・消防","交番","","","","","","","","135.5033527","34.6440534900004","交番"
"萩之茶屋交番","大阪市西成区花園北1丁目8番1号","はぎのちゃやこうばん","警察・消防","交番","","","","","","","","135.4996747","34.6492751700004","交番"
"城東消防署","大阪市城東区中央3-4-20","じょうとうしょうぼうしょ","警察・消防","消防施設","06-6931-0119","06-6931-0072","https://www.city.osaka.lg.jp/shobo/page/0000018935.html","","","","","135.54583","34.7027382400003","消防施設"
"北消防署浮田出張所","大阪市北区浮田2-6-29","きたしょうぼうしょ　うきたしゅっちょうしょ","警察・消防","消防施設","06-6371-0119","06-6371-0119","https://www.city.osaka.lg.jp/shobo/page/0000018935.html","","","","","135.5077998","34.7093168000003","消防施設"
"北消防署大淀町出張所","大阪市北区大淀北1-4-37","きたしょうぼうしょ　おおよどちょうしゅっちょうしょ","警察・消防","消防施設","06-6454-0119","06-6454-0119","https://www.city.osaka.lg.jp/shobo/page/0000018935.html","","","","","135.487206800001","34.7079685200004","消防施設"
"北消防署与力出張所","大阪市北区同心1-5-15","きたしょうぼうしょ　よりきしゅっちょうしょ","警察・消防","消防施設","06-6358-0119","06-6358-0119","https://www.city.osaka.lg.jp/shobo/page/0000018935.html","","","","","135.5148631","34.7008739400003","消防施設"
"北消防署本庄出張所","大阪市北区本庄西2-8-18","きたしょうぼうしょ　ほんじょうしゅっちょうしょ","警察・消防","消防施設","06-6374-0119","06-6374-0119","https://www.city.osaka.lg.jp/shobo/page/0000018935.html","","","","","135.50626","34.7144700000003","消防施設"
"住之江消防署平林出張所","大阪市住之江区平林南2-12-66","すみのえしょうぼうしょ　ひらばやししゅっちょうしょ","警察・消防","消防施設","06-4702-0119","06-4702-0119","https://www.city.osaka.lg.jp/shobo/page/0000018935.html","","","","","135.447276100001","34.6134356000006","消防施設"
"住之江消防署加賀屋出張所","大阪市住之江区中加賀屋1-1-28","すみのえしょうぼうしょ　かがやしゅっちょうしょ","警察・消防","消防施設","06-6684-0119","06-6684-0119","https://www.city.osaka.lg.jp/shobo/page/0000018935.html","","","","","135.481840000001","34.6214900000004","消防施設"
"住之江消防署南港出張所","大阪市住之江区南港中1-1-53","すみのえしょうぼうしょ　なんこうしゅっちょうしょ","警察・消防","消防施設","06-6613-0119","06-6613-0120","https://www.city.osaka.lg.jp/shobo/page/0000018935.html","","","","","135.431441800001","34.6248897300006","消防施設"
"生野消防署勝山出張所","大阪市生野区勝山北3-14-10","いくのしょうぼうしょ　かつやましゅっちょうしょ","警察・消防","消防施設","06-6741-0119","06-6741-0119","https://www.city.osaka.lg.jp/shobo/page/0000018935.html","","","","","135.53448","34.6544000000003","消防施設"
"生野消防署中川出張所","大阪市生野区新今里5-13-5","いくのしょうぼうしょ　なかがわしゅっちょうしょ","警察・消防","消防施設","06-6751-0119","06-6751-0119","https://www.city.osaka.lg.jp/shobo/page/0000018935.html","","","","","135.54895","34.6590800000002","消防施設"
"生野消防署巽出張所","大阪市生野区巽東1-10-32","いくのしょうぼうしょ　たつみしゅっちょうしょ","警察・消防","消防施設","06-6753-0119","06-6753-0119","https://www.city.osaka.lg.jp/shobo/page/0000018935.html","","","","","135.55473","34.6496000000002","消防施設"
"西消防署新町出張所","大阪市西区新町1-6-12","にししょうぼうしょ　しんまちしゅっちょうしょ","警察・消防","消防施設","06-6536-0119","06-6536-0119","https://www.city.osaka.lg.jp/shobo/page/0000018935.html","","","","","135.49651","34.6761400000004","消防施設"
"西消防署江戸堀出張所","大阪市西区江戸堀1-24-18","にししょうぼうしょ　えどぼりしゅっちょうしょ","警察・消防","消防施設","06-6449-0119","06-6449-0119","https://www.city.osaka.lg.jp/shobo/page/0000018935.html","","","","","135.492360000001","34.6889700000004","消防施設"
"西成消防署海道出張所","大阪市西成区萩之茶屋3-1-12","にしなりしょうぼうしょ　かいどうしゅっちょうしょ","警察・消防","消防施設","06-6648-0119","06-6648-1097","https://www.city.osaka.lg.jp/shobo/page/0000018935.html","","","","","135.50174","34.6451000000004","消防施設"
"西成消防署津守出張所","大阪市西成区津守2-1-31","にしなりしょうぼうしょ　つもりしゅっちょうしょ","警察・消防","消防施設","06-6561-0119","06-6561-0119","https://www.city.osaka.lg.jp/shobo/page/0000018935.html","","","","","135.484268700001","34.6428841000004","消防施設"
"大正消防署泉尾出張所","大阪市大正区泉尾1-26-4","たいしょうしょうぼうしょ　いずおしゅっちょうしょ","警察・消防","消防施設","06-6555-0119","06-6633-0119","https://www.city.osaka.lg.jp/shobo/page/0000018935.html","","","","","135.475430000001","34.6613100000004","消防施設"
"大正消防署鶴町出張所","大阪市大正区鶴町3-14-1","たいしょうしょうぼうしょ　つるまちしゅっちょうしょ","警察・消防","消防施設","06-6551-0119","06-6551-0119","https://www.city.osaka.lg.jp/shobo/page/0000018935.html","","","","","135.455610000001","34.6401100000005","消防施設"
"天王寺消防署元町出張所","大阪市天王寺区大道2－9－17","てんのうじしょうぼうしょ　もとまちしゅっちょうしょ","警察・消防","消防施設","06-6772-0119","06-6772-0119","https://www.city.osaka.lg.jp/shobo/page/0000018935.html","","","","","135.5185481","34.6522133000003","消防施設"
"東成消防署中本出張所","大阪市東成区東中本2-1-9","ひがしなりしょうぼうしょ　なかもとしゅっちょうしょ","警察・消防","消防施設","06-6974-0119","06-6974-0119","https://www.city.osaka.lg.jp/shobo/page/0000018935.html","","","","","135.5450341","34.6799039600002","消防施設"
"東成消防署深江出張所","大阪市東成区深江北1-13-7","ひがしなりしょうぼうしょ　ふかえしゅっちょうしょ","警察・消防","消防施設","06-6981-0119","06-6981-0119","https://www.city.osaka.lg.jp/shobo/page/0000018935.html","","","","","135.55721","34.6747100000002","消防施設"
"福島消防署上福島出張所","大阪市福島区福島4-5-32","ふくしましょうぼうしょ　かみふくしましゅっちょうしょ","警察・消防","消防施設","06-6441-0119","06-6441-0119","https://www.city.osaka.lg.jp/shobo/page/0000018935.html","","","","","135.482057300001","34.6934854200004","消防施設"
"福島消防署海老江出張所","大阪市福島区海老江6-2-27","ふくしましょうぼうしょ　えびえしゅっちょうしょ","警察・消防","消防施設","06-6458-0119","06-6458-0119","https://www.city.osaka.lg.jp/shobo/page/0000018935.html","","","","","135.470830000001","34.6975735400004","消防施設"
"平野消防署加美出張所","大阪市平野区加美鞍作1-9-8","ひらのしょうぼうしょ　かみしゅっちょうしょ","警察・消防","消防施設","06-6791-0119","06-6791-0119","https://www.city.osaka.lg.jp/shobo/page/0000018935.html","","","","","135.5651276","34.6258532300002","消防施設"
"平野消防署長吉出張所","大阪市平野区長吉長原2-1-4","ひらのしょうぼうしょ　ながよししゅっちょうしょ","警察・消防","消防施設","06-6707-0119","06-6707-0119","https://www.city.osaka.lg.jp/shobo/page/0000018935.html","","","","","135.56801","34.6058900000002","消防施設"
"平野消防署喜連出張所","大阪市平野区喜連西6-2-52","ひらのしょうぼうしょ　きれしゅっちょうしょ","警察・消防","消防施設","06-6703-0119","06-6703-0119","https://www.city.osaka.lg.jp/shobo/page/0000018935.html","","","","","135.5478665","34.6099187100003","消防施設"
"平野消防署加美正覚寺出張所","大阪市平野区加美正覚寺1-7-2","ひらのしょうぼうしょ　かみしょうかくじしゅっちょうしょ","警察・消防","消防施設","06-6794-0119","06-6794-0119","https://www.city.osaka.lg.jp/shobo/page/0000018935.html","","","","","135.55927","34.6332400000002","消防施設"
"浪速消防署恵美須出張所","大阪市浪速区日本橋5-5-10","なにわしょうぼうしょ　えびすしゅっちょうしょ","警察・消防","消防施設","06-6633-0119","06-6633-0119","https://www.city.osaka.lg.jp/shobo/page/0000018935.html","","","","","135.50595","34.6548500000004","消防施設"
"浪速消防署立葉出張所","大阪市浪速区桜川2-14-12","なにわしょうぼうしょ　たてばしゅっちょうしょ","警察・消防","消防施設","06-6562-0119","06-6562-0119","https://www.city.osaka.lg.jp/shobo/page/0000018935.html","","","","","135.489011100001","34.6637352800004","消防施設"
"浪速消防署浪速出張所","大阪市浪速区浪速東3-11-19","なにわしょうぼうしょ　なにわしゅっちょうしょ","警察・消防","消防施設","06-6567-0119","06-6567-0119","https://www.city.osaka.lg.jp/shobo/page/0000018935.html","","","","","135.488190000001","34.6548215000004","消防施設"
"港消防署田中出張所","大阪市港区田中2-14-11","みなとしょうぼうしょ　たなかしゅっちょうしょ","警察・消防","消防施設","06-4395-0119","06-4395-0119","https://www.city.osaka.lg.jp/shobo/page/0000018935.html","","","","","135.449400000001","34.6625200000005","消防施設"
"千鳥橋交番","大阪市此花区四貫島一丁目1番1号","ちどりばしこうばん","警察・消防","交番","","","","","","","","135.458500300001","34.6852081000005","交番"
"伝法交番","大阪市此花区伝法三丁目14番13号","でんぽうこうばん","警察・消防","交番","","","","","","","","135.450613500001","34.6885609000005","交番"
"酉島交番","大阪市此花区酉島五丁目7番27号","とりしまこうばん","警察・消防","交番","","","","","","","","135.436754100001","34.6824709000006","交番"
"西九条駅前交番","大阪市此花区西九条一丁目33番15号","にしくじょうえきまえこうばん","警察・消防","交番","","","","","","","","135.466651800001","34.6818815000005","交番"
"ユニバーサルスタジオ前交番","大阪市此花区島屋五丁目1番161号","ゆにばーさるすたじおまえこうばん","警察・消防","交番","","","","","","","","135.437100400001","34.6689191000006","交番"
"粉浜交番","大阪市住之江区粉浜一丁目25番4号","こはまこうばん","警察・消防","交番","","","","","","","","135.490582300001","34.6188943000004","交番"
"住之江駅前交番","大阪市住之江区西住之江一丁目1番43号","すみのええきまえこうばん","警察・消防","交番","","","","","","","","135.486180100001","34.6044839000004","交番"
"住吉公園前交番","大阪市住之江区浜口東一丁目1番13号","すみよしこうえんまえこうばん","警察・消防","交番","","","","","","","","135.490034500001","34.6126480000004","交番"
"中加賀屋交番","大阪市住之江区中加賀屋一丁目5番10号","なかかがやこうばん","警察・消防","交番","","","","","","","","135.482031900001","34.6189893000004","交番"
"南港コスモ交番","大阪市住之江区南港北一丁目31番14号","なんこうこすもこうばん","警察・消防","交番","","","","","","","","135.413556700001","34.6423501000007","交番"
"南港中央交番","大阪市住之江区南港中二丁目1番1号","なんこうちゅうおうこうばん","警察・消防","交番","","","","","","","","135.429501300001","34.6323209000006","交番"
"平林交番","大阪市住之江区平林南二丁目8番39号","ひらばやしこうばん","警察・消防","交番","","","","","","","","135.455779700001","34.6110832000005","交番"
"生野西交番","大阪市生野区生野西四丁目14番13号","いくのにしこうばん","警察・消防","交番","","","","","","","","135.5266548","34.6473501000003","交番"
"生野東交番","大阪市生野区生野東四丁目1番49号","いくのひがしこうばん","警察・消防","交番","","","","","","","","135.5333632","34.6461880000003","交番"
"今里公園前交番","大阪市生野区新今里二丁目12番17号","いまざとこうえんまえこうばん","警察・消防","交番","","","","","","","","135.5468669","34.6623031000002","交番"
"巽西交番","大阪市生野区巽西一丁目8番16号","たつみにしこうばん","警察・消防","交番","","","","","","","","135.547065","34.6532886000002","交番"
"巽東交番","大阪市生野区巽中三丁目16番15号","たつみひがしこうばん","警察・消防","交番","","","","","","","","135.5538778","34.6476848000002","交番"
"巽南交番","大阪市生野区巽南三丁目7番9号","たつみみなみこうばん","警察・消防","交番","","","","","","","","135.5505576","34.6425197000002","交番"
"鶴橋交番","大阪市生野区鶴橋三丁目3番26号","つるはしこうばん","警察・消防","交番","","","","","","","","135.5341878","34.6648751000003","交番"
"林寺交番","大阪市生野区林寺六丁目6番7号","はやしでらこうばん","警察・消防","交番","","","","","","","","135.5387625","34.6424865000003","交番"
"腹見交番","大阪市生野区小路東五丁目21番7号","はらみこうばん","警察・消防","交番","","","","","","","","135.561584","34.6569689000002","交番"
"桃谷交番","大阪市生野区桃谷三丁目22番19号","ももだにこうばん","警察・消防","交番","","","","","","","","135.5347571","34.6579010000003","交番"
"泉尾交番","大阪市大正区泉尾三丁目19番18号","いずみおこうばん","警察・消防","交番","","","","","","","","135.470748100001","34.6581719000005","交番"
"大浪橋交番","大阪市大正区三軒家東二丁目3番21号","おおなみばしこうばん","警察・消防","交番","","","","","","","","135.479665000001","34.6631162000004","交番"
"千島交番","大阪市大正区千島三丁目1番41号","ちしまこうばん","警察・消防","交番","","","","","","","","135.471809900001","34.6524879000004","交番"
"鶴町交番","大阪市大正区鶴町三丁目12番12号","つるまちこうばん","警察・消防","交番","","","","","","","","135.455300700001","34.6412194000005","交番"
"平尾交番","大阪市大正区平尾二丁目22番21号","ひらおこうばん","警察・消防","交番","","","","","","","","135.472937800001","34.6404740000004","交番"
"南恩加島交番","大阪市大正区南恩加島四丁目4番56号","みなみおかじまこうばん","警察・消防","交番","","","","","","","","135.468600300001","34.6337611000005","交番"
"神路交番","大阪市東成区神路二丁目9番40号","かみじこうばん","警察・消防","交番","","","","","","","","135.5541547","34.6743991000002","交番"
"新橋通交番","大阪市東成区大今里西三丁目18番19号","しんばしどおりこうばん","警察・消防","交番","","","","","","","","135.5416724","34.6655677000003","交番"
"新道橋交番","大阪市東成区神路三丁目13番33号","しんばしはしこうばん","警察・消防","交番","","","","","","","","135.5519435","34.6703380000002","交番"
"中道交番","大阪市東成区中道四丁目4番8号","なかみちこうばん","警察・消防","交番","","","","","","","","135.537987","34.6766472000003","交番"
"中本交番","大阪市東成区中本四丁目13番18号","なかもとこうばん","警察・消防","交番","","","","","","","","135.5408673","34.6743877000003","交番"
"東小橋交番","大阪市東成区東小橋三丁目12番15号","ひがしおばせこうばん","警察・消防","交番","","","","","","","","135.5326719","34.6663686000003","交番"
"弁天三丁目交番","大阪市港区弁天三丁目1番22号","べんてんさんちょうめこうばん","警察・消防","交番","","","","","","","","135.454934200001","34.6667229000005","交番"
"春日出交番","大阪市此花区春日出北三丁目3番28号","かすがでこうばん","警察・消防","交番","","","","","","","","135.445920300001","34.6791711000005","交番"
"高見交番","大阪市此花区高見一丁目5番17号","たかみこうばん","警察・消防","交番","","","","","","","","135.458394500001","34.6916292000005","交番"
"三国駅前交番","大阪市淀川区三国本町三丁目37番21号","みくにえきまえこうばん","警察・消防","交番","","","","","","","","135.483103100001","34.7380572000004","交番"
"野中交番","大阪市淀川区野中南二丁目1番24号","のなかこうばん","警察・消防","交番","","","","","","","","135.482671900001","34.7263751000004","交番"
"東三国交番","大阪市淀川区十八条一丁目8番8号","ひがしみくにこうばん","警察・消防","交番","","","","","","","","135.496507100001","34.7469510000004","交番"
"三国本町交番","大阪市淀川区三国本町三丁目8番13号","みくにほんまちこうばん","警察・消防","交番","","","","","","","","135.487718200001","34.7365129000004","交番"
"北加賀屋交番","大阪市住之江区北加賀屋五丁目3番15号","きたかがやこうばん","警察・消防","交番","","","","","","","","135.475645500001","34.6221651000004","交番"
"天神橋北交番","大阪市北区天神橋一丁目3番5号","てんじんばしきたこうばん","警察・消防","交番","","","","","","","","135.5120158","34.6923756000003","交番"
"瓜破警ら連絡所","大阪市平野区瓜破五丁目4番17号","うりわりけいられんらくじょ","警察・消防","交番","","","","","","","","135.5550541","34.6022069000002","交番"
"瓜破西交番","大阪市平野区瓜破西一丁目10番29号","うりわりにしこうばん","警察・消防","交番","","","","","","","","135.5466776","34.6072644000002","交番"
"加美北交番","大阪市平野区加美北八丁目9番11号","かみきたこうばん","警察・消防","交番","","","","","","","","135.563591","34.6355930000002","交番"
"加美交番","大阪市平野区加美鞍作一丁目2番29号","かみこうばん","警察・消防","交番","","","","","","","","135.5643861","34.6261990000002","交番"
"加美南交番","大阪市平野区加美南四丁目3番37号","かみみなみこうばん","警察・消防","交番","","","","","","","","135.5722883","34.6218191000002","交番"
"川辺交番","大阪市平野区長吉長原西三丁目10番17号","かわなべこうばん","警察・消防","交番","","","","","","","","135.5680923","34.5993221000002","交番"
"喜連交番","大阪市平野区喜連七丁目6番39号","きれこうばん","警察・消防","交番","","","","","","","","135.5554826","34.6110233000002","交番"
"長原警ら連絡所","大阪市平野区長吉長原東一丁目8番1号","ながはらけいられんらくじょ","警察・消防","交番","","","","","","","","135.5766487","34.6062533000002","交番"
"長吉六反交番","大阪市平野区長吉六反四丁目5番29号","ながよしろくたんこうばん","警察・消防","交番","","","","","","","","135.583665","34.6079712000002","交番"
"西喜連交番","大阪市平野区喜連西三丁目14番5号","にしきれこうばん","警察・消防","交番","","","","","","","","135.5440547","34.6126831000003","交番"
"平野駅前交番","大阪市平野区平野元町9番8号","ひらのえきまえこうばん","警察・消防","交番","","","","","","","","135.55129","34.6311201000002","交番"
"平野公園交番","大阪市平野区平野東二丁目11番5号","ひらのこうえんこうばん","警察・消防","交番","","","","","","","","135.5587058","34.6232880000002","交番"
"平野西交番","大阪市平野区平野西三丁目4番1号","ひらのにしこうばん","警察・消防","交番","","","","","","","","135.5452789","34.6207321000002","交番"
"阪急東通交番","大阪市北区小松原町3番18号","はんきゅうひがしどおりこうばん","警察・消防","交番","","","","","","","","135.5005482","34.7030541000004","交番"
"大淀南交番","大阪市北区大淀南三丁目3番57号","おおよどみなみこうばん","警察・消防","交番","","","","","","","","135.484550300001","34.7020350000004","交番"
"さざなみ交番","大阪市北区長柄東二丁目3番17号","さざなみこうばん","警察・消防","交番","","","","","","","","135.5163749","34.7130379000003","交番"
"天神橋七丁目交番","大阪市北区天神橋七丁目1番23号","てんじんばしななちょうめこうばん","警察・消防","交番","","","","","","","","135.5116265","34.7112400100003","交番"
"本庄交番","大阪市北区本庄西二丁目11番19号","ほんじょうこうばん","警察・消防","交番","","","","","","","","135.5052805","34.7139030000003","交番"
"扇町公園交番","大阪市北区扇町一丁目1番41号","おうぎまちこうえんこうばん","警察・消防","交番","","","","","","","","135.5077073","34.7037723000003","交番"
"大阪駅交番","大阪市北区梅田三丁目1番3号","おおさかえきこうばん","警察・消防","交番","","","","","","","","135.495288300001","34.7028709700004","交番"
"黒崎町交番","大阪市北区黒崎町5番18号","くろさきちょうこうばん","警察・消防","交番","","","","","","","","135.5090218","34.7074921000003","交番"
"芝田交番","大阪市北区芝田一丁目1番3号","しばたこうばん","警察・消防","交番","","","","","","","","135.4989878","34.7051585000004","交番"
"曽根崎二丁目交番","大阪市北区曽根崎二丁目5番12号","そねざきにちょうめこうばん","警察・消防","交番","","","","","","","","135.5005792","34.6991462000004","交番"
"天神橋五丁目交番","大阪市北区天神橋五丁目3番2号","てんじんばしごちょうめこうばん","警察・消防","交番","","","","","","","","135.5120421","34.7076638000003","交番"
"天神橋四丁目交番","大阪市北区天神橋四丁目4番5号","てんじんばしよんちょうめこうばん","警察・消防","交番","","","","","","","","135.5114782","34.7047232000003","交番"
"西梅田交番","大阪市北区梅田三丁目3番8号","にしうめだこうばん","警察・消防","交番","","","","","","","","135.492686300001","34.6991008000004","交番"
"大江橋交番","大阪市北区西天満二丁目5番1号","おおえばしこうばん","警察・消防","交番","","","","","","","","135.5014698","34.6951686000004","交番"
"南森町交番","大阪市北区南森町二丁目1番4号","みなみもりまちこうばん","警察・消防","交番","","","","","","","","135.510442","34.6978681000003","交番"
"渡辺橋交番","大阪市北区堂島浜二丁目1番1号","わたなべばしこうばん","警察・消防","交番","","","","","","","","135.495456700001","34.6948381000004","交番"
"加島交番","大阪市淀川区加島一丁目60番21号","かしまこうばん","警察・消防","交番","","","","","","","","135.457774000001","34.7290182000005","交番"
"神崎川交番","大阪市淀川区三津屋北一丁目5番24号","かんざきがわこうばん","警察・消防","交番","","","","","","","","135.473556900001","34.7313057000004","交番"
"新大阪駅交番","大阪市淀川区西中島五丁目16番1号　新幹線新大阪駅構内","しんおおさかえきこうばん","警察・消防","交番","","","","","","","","135.4992196","34.7329240000004","交番"
"新北野交番","大阪市淀川区新北野二丁目13番44号","しんきたのこうばん","警察・消防","交番","","","","","","","","135.476805000001","34.7163460000004","交番"
"十三東交番","大阪市淀川区十三東一丁目21番23号","じゅうそうひがしこうばん","警察・消防","交番","","","","","","","","135.483533000001","34.7190289000004","交番"
"田川交番","大阪市淀川区田川北二丁目1番10号","たがわこうばん","警察・消防","交番","","","","","","","","135.472497800001","34.7225062000004","交番"
"塚本交番","大阪市淀川区塚本二丁目29番12号","つかもとこうばん","警察・消防","交番","","","","","","","","135.468631300001","34.7141090000005","交番"
"西中島交番","大阪市淀川区西中島三丁目15番9号","にしなかじまこうばん","警察・消防","交番","","","","","","","","135.5000281","34.7258150000004","交番"
"北消防署梅田出張所","大阪市北区梅田1-3-1-100","きたしょうぼうしょ　うめだしゅっちょうしょ","警察・消防","消防施設","06-6345-0119","06-6345-0119","https://www.city.osaka.lg.jp/shobo/page/0000018935.html","","","","","135.4970277","34.6991451400004","消防施設"
"北消防署南森町出張所","大阪市北区南森町1-1-22","きたしょうぼうしょ　みなみもりまちしゅっちょうしょ","警察・消防","消防施設","06-6364-0119","06-6364-0119","https://www.city.osaka.lg.jp/shobo/page/0000018935.html","","","","","135.51042","34.6959800000003","消防施設"
"都島消防署高倉出張所","大阪市都島区友淵町2-15-20","みやこじましょうぼうしょ　たかくらしゅっちょうしょ","警察・消防","消防施設","06-6925-0119","06-6925-0119","https://www.city.osaka.lg.jp/shobo/page/0000018935.html","","","","","135.53029","34.7172600000003","消防施設"
"都島消防署東野田出張所","大阪市都島区網島町9-55","みやこじましょうぼうしょ　ひがしのだしゅっちょうしょ","警察・消防","消防施設","06-6356-0119","06-6356-0119","https://www.city.osaka.lg.jp/shobo/page/0000018935.html","","","","","135.5263529","34.6952916500003","消防施設"
"東淀川消防署","大阪市東淀川区菅原4-4-27","ひがしよどがわしょうぼうしょ","警察・消防","消防施設","06-6320-0119","06-6320-1984","https://www.city.osaka.lg.jp/shobo/page/0000018935.html","","","","","135.5304","34.7401400000003","消防施設"
"城東警察署","大阪市城東区中央1丁目9番41号","じょうとうけいさつしょ","警察・消防","警察署","06-6934-1234","","https://www.police.pref.osaka.jp/04shikumi/ps/120joto_1.html","","","","","135.544118","34.7003730000003","警察署"
"消防局庁舎（九条）","大阪市西区九条南1-4-15","しょうぼうきょくちょうしゃ（くじょう）","警察・消防","消防施設","","","","","","","","135.475430000001","34.6717600000004","消防施設"
"都島消防署艇庫","大阪市都島区中野町1-10","みやこじましょうぼうしょていこ","警察・消防","その他消防施設","","","","","","","","135.52357","34.6989700000003","その他消防施設"
"消防局生野分室","大阪市生野区勝山南4-7-11","しょうぼうきょくいくのぶんしつ","警察・消防","その他消防施設","","","","","","","","135.53958","34.6530345300003","その他消防施設"
"平野消防署仮設倉庫","大阪市平野区長吉六反3-9","ひらのしょうぼうしょかせつそうこ","警察・消防","その他消防施設","","","","","","","","135.5798452","34.6025487400002","その他消防施設"
"高度専門教育訓練センター（東大阪市）","大阪府東大阪市三島2-5-43","こうどせんもんきょういくくんれんせんたー（ひがしおおさかし）","警察・消防","その他消防施設","06-6744-0119","06-6746-5147","https://www.city.osaka.lg.jp/shobo/page/0000018935.html","","","","","135.5965536","34.6904838800002","その他消防施設"
"航空隊（八尾市）","大阪府八尾市空港2-12","こうくうたい（やおし）","警察・消防","その他消防施設","072-992-4900","072-991-0119","https://www.city.osaka.lg.jp/shobo/page/0000018935.html","","","","","135.5952693","34.5987263400002","その他消防施設"
"西消防署","大阪市西区九条南1－12－54","にししょうぼうしょ","警察・消防","消防施設","06-4393-0119","06-4393-0124","https://www.city.osaka.lg.jp/shobo/page/0000018935.html","","","","","135.473678900001","34.6703204100004","消防施設"
